id,name,year,dimensions,environments,sensors,tasks,original_contributors,official_page,primary_publication,terms_or_license,access_class,account_required,agreement_required,commercial_use,redistribution,license_name,verification_status,last_checked,adjacent_non_lidar,notes
a2d2,Audi Autonomous Driving Dataset (A2D2),2020,3D,outdoor | urban | road,LiDAR | cameras | bus signals,semantic segmentation | 3D detection | sensor fusion,Audi Electronics Venture GmbH,https://www.a2d2.audi/,https://www.a2d2.audi/a2d2/en.html,https://www.a2d2.audi/a2d2/en.html,OPEN_DIRECT,False,False,license_limited,license_controlled,CC BY-ND 4.0 (provider-declared),verified,2026-08-03,False,Download from the provider or its designated public cloud location. NoDerivatives restrictions require careful treatment of redistributed adaptations.
argoverse2,Argoverse 2,2023,3D,outdoor | urban | road,LiDAR | cameras | maps,3D detection | tracking | motion forecasting | scene flow,Benjamin Wilson et al.; Argo AI / Argoverse,https://www.argoverse.org/av2.html,https://arxiv.org/abs/2301.00493,https://www.argoverse.org/av2.html,OPEN_DIRECT,False,False,noncommercial,license_controlled,CC BY-NC-SA 4.0 (verify each component),verified,2026-08-03,False,Follow the official user guide and cloud-download instructions; review component-specific licenses.
dales,DALES,2020,3D,outdoor | aerial | urban,airborne LiDAR,semantic segmentation | point classification,"Nina Varney, Vijayan K. Asari, and Quinn Graehling",https://udayton.edu/centers/vision-lab/index.php,https://doi.org/10.1109/CVPRW50498.2020.00138,https://udayton.edu/centers/vision-lab/index.php,OPEN_DIRECT,False,False,verify,license_controlled,Provider terms; verify,partial,2026-08-03,False,Use the University of Dayton project source or the source named by the paper. Verify current access location and license before automated use.
k-lane,K-Lane,2022,3D,outdoor | road,LiDAR,LiDAR lane detection,"Dong-Hee Paek, Seung-Hyun Kong, and Kevin Tirta Wijaya; KAIST",https://github.com/kaist-avelab/K-Lane,https://openaccess.thecvf.com/content/CVPR2022W/WAD/html/Paek_K-Lane_Lidar_Lane_Dataset_and_Benchmark_for_Urban_Roads_and_CVPRW_2022_paper.html,https://github.com/kaist-avelab/K-Lane,OPEN_DIRECT,False,False,research_use_verify,license_controlled,Repository/provider terms,verified,2026-08-03,False,Specialized benchmark for lane detection from LiDAR. Dataset and code conditions should be checked separately.
kitti,KITTI Vision Benchmark Suite,2012,3D,outdoor | urban | road,Velodyne HDL-64E | cameras | GPS/IMU,3D detection | tracking | odometry | road estimation,"Andreas Geiger, Philip Lenz, Christoph Stiller, and Raquel Urtasun",https://www.cvlibs.net/datasets/kitti/,https://doi.org/10.1109/CVPR.2012.6248074,https://www.cvlibs.net/datasets/kitti/eval_object.php?obj_benchmark=3d,OPEN_DIRECT,False,False,research_use_verify,restricted_or_unconfirmed,KITTI provider terms,verified,2026-08-03,False,Download components separately from the official KITTI pages. Some downstream benchmarks add separate labels and terms.
kitti360,KITTI-360,2022,3D,outdoor | urban | road,3D LiDAR | stereo cameras | fisheye cameras | GPS/IMU,semantic segmentation | 3D reconstruction | localization | novel view synthesis,"Yiyi Liao, Jun Xie, and Andreas Geiger",https://www.cvlibs.net/datasets/kitti-360/,https://doi.org/10.1109/TPAMI.2022.3179506,https://www.cvlibs.net/datasets/kitti-360/download.php,OPEN_DIRECT,False,False,noncommercial_research,restricted,KITTI-360 terms,verified,2026-08-03,False,Use the official download scripts/pages and review per-component terms.
matterport3d,Matterport3D,2017,3D,indoor | residential,RGB-D panoramas | reconstructed mesh,semantic segmentation | navigation | 3D reconstruction,Angel Chang et al.; Matterport and academic collaborators,https://niessner.github.io/Matterport/,https://doi.org/10.1109/3DV.2017.00081,https://niessner.github.io/Matterport/,AGREEMENT_REQUIRED,False,True,noncommercial_research,restricted,Matterport3D Terms of Use,verified,2026-08-03,True,Adjacent RGB-D/reconstruction resource. Access requires the official research-use agreement; do not use unofficial mirrors.
mit-stata,MIT Stata Center Data Set,2013,2D,indoor | campus,Hokuyo planar laser | cameras | IMU,2D SLAM | visual-inertial navigation | localization,MIT Marine Robotics Group / Luca Carlone et al.,https://projects.csail.mit.edu/stata/,https://projects.csail.mit.edu/stata/,https://projects.csail.mit.edu/stata/,OPEN_DIRECT,False,False,research_use_verify,not_confirmed,Provider terms; verify,partial,2026-08-03,False,Use the official MIT project page and preserve experiment-specific documentation.
mulran,MulRan,2020,3D,outdoor | urban | road | campus,Ouster LiDAR | radar | GPS/INS,SLAM | place recognition | localization,Giseop Kim et al.; KAIST,https://sites.google.com/view/mulran-pr/home,https://doi.org/10.1109/ICRA40945.2020.9197298,https://sites.google.com/view/mulran-pr/home,OPEN_DIRECT,False,False,noncommercial_or_verify,restricted_or_unconfirmed,Provider terms; verify,partial,2026-08-03,False,Use only the official Google Sites/download links and cite the MulRan publication.
nclt,NCLT Dataset,2016,2D | 3D,outdoor | campus | seasonal,3D LiDAR | planar LiDAR | cameras | GPS/IMU,localization | mapping | long-term autonomy,"Nicholas Carlevaris-Bianco, Arash K. Ushani, and Ryan M. Eustice",https://robots.engin.umich.edu/nclt/,https://doi.org/10.1177/0278364915614638,https://robots.engin.umich.edu/nclt/,OPEN_DIRECT,False,False,research_use_verify,not_confirmed,Provider terms; verify,partial,2026-08-03,False,Use official per-session links and documentation. Treat absent or unclear license terms conservatively.
nuscenes,nuScenes,2020,3D,outdoor | urban | road,32-beam LiDAR | radar | cameras | GPS/IMU,3D detection | tracking | prediction | LiDAR segmentation,Holger Caesar et al.; Motional,https://www.nuscenes.org/nuscenes,https://doi.org/10.1109/CVPR42600.2020.01164,https://www.nuscenes.org/terms-of-use,FREE_REGISTERED,True,True,noncommercial_unless_separately_authorized,prohibited_or_restricted,nuScenes Terms of Use,verified,2026-08-03,False,"Create an official account, accept current terms, and use the official download portal/devkit."
oxford-robotcar,Oxford RobotCar Dataset,2017,2D | 3D,outdoor | urban | road | seasonal,2D/3D LiDAR | cameras | GPS/INS | radar,localization | mapping | place recognition | odometry,"Will Maddern, Geoffrey Pascoe, Chris Linegar, and Paul Newman",https://robotcar-dataset.robots.ox.ac.uk/,https://doi.org/10.1177/0278364916679498,https://robotcar-dataset.robots.ox.ac.uk/terms.html,FREE_REGISTERED,True,True,noncommercial,restricted,CC BY-NC-SA 4.0 / provider terms,verified,2026-08-03,False,Register through the official site; sequences are large and should be selected deliberately.
pandaset,PandaSet,2020,3D,outdoor | urban | road,mechanical LiDAR | forward-facing LiDAR | cameras | GPS/IMU,3D detection | semantic segmentation | tracking,Hesai and Scale AI,https://pandaset.org/,https://arxiv.org/abs/2112.12610,https://pandaset.org/,FREE_REGISTERED,True,True,verify_provider_terms,restricted,PandaSet Terms of Use,verified,2026-08-03,False,Use the official portal and official devkit. Confirm current terms before commercial or derivative redistribution.
paris-lille-3d,Paris-Lille-3D,2018,3D,outdoor | urban | mobile-mapping,mobile laser scanning,semantic segmentation | classification,"Xavier Roynard, Jean-Emmanuel Deschaud, and François Goulette",https://npm3d.fr/paris-lille-3d,https://doi.org/10.1177/0278364918767506,https://npm3d.fr/paris-lille-3d,OPEN_DIRECT,False,False,noncommercial_or_verify,license_controlled,Provider terms,verified,2026-08-03,False,"Use the official NPM3D page, review evaluation protocol, and cite the original paper."
radish,RADISH Robotics Data Set Repository,2003,2D,indoor | outdoor | robotics,planar laser | odometry | sonar,2D SLAM | localization | mapping,Andrew Howard and Nicholas Roy; robotics community contributors,https://radish.sourceforge.net/,https://radish.sourceforge.net/,https://radish.sourceforge.net/,OPEN_DIRECT,False,False,verify_per_log,verify_per_log,Per-log/provider terms,partial,2026-08-03,False,Historical repository of robotics logs. Confirm attribution and any per-contribution conditions before reuse.
rellis3d,RELLIS-3D,2021,3D,outdoor | off-road | natural,LiDAR | cameras | GPS/IMU,semantic segmentation | navigation | sensor fusion,Peng Jiang et al.; Texas A&M University,https://github.com/unmannedlab/RELLIS-3D,https://doi.org/10.1109/LRA.2020.3034974,https://github.com/unmannedlab/RELLIS-3D,OPEN_DIRECT,False,False,research_use_verify,license_controlled,Repository/provider terms,verified,2026-08-03,False,"Follow the official repository links for images, point clouds, labels, and calibration; inspect each hosted component’s terms."
robotathome,Robot@Home,2017,2D | 3D,indoor | residential,2D laser | RGB-D cameras | robot sensors,semantic mapping | object recognition | robot localization,"José-Raúl Ruiz-Sarmiento, Cipriano Galindo, and Javier González-Jiménez; MAPIR, University of Málaga",https://mapir.isa.uma.es/work/robot-at-home-dataset/,https://doi.org/10.1177/0278364917695640,https://mapir.isa.uma.es/work/robot-at-home-dataset/,OPEN_DIRECT,False,False,research_use_verify,license_controlled,Provider terms,partial,2026-08-03,False,Mixed indoor robotics dataset. Follow official download and database tools; cite the dataset publication.
s3dis,Stanford Large-Scale 3D Indoor Spaces (S3DIS),2016,3D,indoor | office,terrestrial/RGB-D reconstructed point clouds,semantic segmentation | instance segmentation,Iro Armeni et al.; Stanford University,http://buildingparser.stanford.edu/dataset.html,https://doi.org/10.1109/CVPR.2016.75,http://buildingparser.stanford.edu/dataset.html,AGREEMENT_REQUIRED,False,True,noncommercial_research_or_verify,restricted,Stanford provider agreement,partial,2026-08-03,False,Obtain access through the original provider procedure. Do not redistribute copies from third-party mirrors.
scannet,ScanNet,2017,3D,indoor | residential | office,RGB-D reconstruction,semantic segmentation | instance segmentation | 3D reconstruction,Angela Dai et al.; Stanford University,https://www.scan-net.org/,https://doi.org/10.1109/CVPR.2017.261,https://www.scan-net.org/ScanNet_TOS.pdf,AGREEMENT_REQUIRED,True,True,noncommercial_research,prohibited_or_restricted,ScanNet Terms of Use,verified,2026-08-03,True,"Adjacent RGB-D resource, not LiDAR. Access requires the provider agreement, typically submitted with an institutional email."
scannetpp,ScanNet++,2023,3D,indoor | residential | office,FARO laser scans | DSLR | iPhone RGB-D,semantic segmentation | novel view synthesis | 3D reconstruction,"Chandan Yeshwanth, Yueh-Cheng Liu, Matthias Nießner, and Angela Dai",https://scannetpp.mlsg.cit.tum.de/scannetpp/,https://arxiv.org/abs/2308.11417,https://kaldir.vc.in.tum.de/scannetpp/static/scannetpp-terms-of-use.pdf,FREE_REGISTERED,True,True,noncommercial_research,restricted,ScanNet++ Terms of Use,verified,2026-08-03,False,Includes high-fidelity laser scans. Register and accept current official terms before downloading.
semantic3d,Semantic3D,2017,3D,outdoor | urban | terrestrial,terrestrial laser scanner,semantic segmentation | point classification,Timo Hackel et al.; ETH Zurich,https://www.semantic3d.net/,https://doi.org/10.5194/isprs-annals-IV-1-W1-91-2017,https://www.semantic3d.net/,FREE_REGISTERED,True,False,research_use_verify,restricted_or_unconfirmed,Semantic3D provider terms,partial,2026-08-03,False,"Use the official benchmark portal and follow its registration, submission, and data-use requirements."
semantickitti,SemanticKITTI,2019,3D,outdoor | urban | road,Velodyne HDL-64E,semantic segmentation | panoptic segmentation | scene completion,"Jens Behley, Martin Garbade, Andres Milioto, Jan Quenzel, Sven Behnke, C. Stachniss, and J. Gall",https://semantic-kitti.org/,https://doi.org/10.1109/ICCV.2019.00939,https://semantic-kitti.org/dataset.html,OPEN_DIRECT,False,False,noncommercial_research,restricted,CC BY-NC-SA 3.0 for annotations; KITTI terms also apply,verified,2026-08-03,False,"Users obtain KITTI odometry sensor data separately, then place SemanticKITTI labels into the matching sequence structure."
semanticposs,SemanticPOSS,2020,3D,outdoor | campus | road,Pandora 40-line LiDAR,semantic segmentation,Yue Wang et al.; Peking University,http://www.poss.pku.edu.cn/,https://doi.org/10.1109/IV47402.2020.9304594,http://www.poss.pku.edu.cn/,OPEN_DIRECT,False,False,research_use_verify,not_confirmed,Provider terms; verify,partial,2026-08-03,False,The official site can be intermittent. Do not substitute an unofficial mirror without provider authorization.
sensaturban,SensatUrban,2021,3D,outdoor | aerial | urban,photogrammetric point cloud,semantic segmentation | urban mapping,Qingyong Hu et al.; University of Oxford,https://github.com/QingyongHu/SensatUrban,https://doi.org/10.1109/CVPR46437.2021.01148,https://github.com/QingyongHu/SensatUrban,OPEN_DIRECT,False,False,research_use_verify,license_controlled,Provider/repository terms,verified,2026-08-03,True,"Adjacent resource: point clouds are photogrammetric, not LiDAR. It is included for transferable 3D learning comparisons and labeled accordingly."
toronto3d,Toronto-3D,2020,3D,outdoor | urban | mobile-mapping,mobile laser scanning,semantic segmentation | urban mapping,Weikai Tan et al.; University of Waterloo,https://github.com/WeikaiTan/Toronto-3D,https://doi.org/10.1109/CVPRW50498.2020.00139,https://github.com/WeikaiTan/Toronto-3D,OPEN_DIRECT,False,False,research_use_verify,license_controlled,Repository/provider terms,verified,2026-08-03,False,Official repository provides project information and designated download links. Verify dataset and code licenses independently.
usgs-3dep,USGS 3D Elevation Program (3DEP),2015,3D,outdoor | aerial | national-scale,airborne LiDAR,terrain modeling | forestry | infrastructure | flood mapping,United States Geological Survey,https://www.usgs.gov/3d-elevation-program,https://www.usgs.gov/3d-elevation-program,https://www.usgs.gov/3d-elevation-program,OPEN_DIRECT,False,False,generally_permitted_subject_to_source_status,generally_permitted_with_attribution_and_notices,U.S. government data; check item-level metadata,verified,2026-08-03,False,Download through The National Map or official cloud access. Check item-level metadata because partner-supplied components can carry additional notices.
waymo-open,Waymo Open Dataset,2019,3D,outdoor | urban | road,multiple LiDARs | cameras,3D detection | tracking | motion forecasting | segmentation,Pei Sun et al.; Waymo LLC,https://waymo.com/open/,https://doi.org/10.1109/CVPR42600.2020.00252,https://waymo.com/open/terms/,FREE_REGISTERED,True,True,noncommercial_research_under_dataset_terms,restricted,Waymo Open Dataset License Agreement,verified,2026-08-03,False,Dataset terms are separate from licenses for code in Waymo repositories. Do not describe the dataset as open-source.
