id,name,year,category,representation,original_authors,primary_publication,implementation,implementation_relationship,code_license,weights_terms,commonly_evaluated_on,verification_status,last_checked,notes
cartographer,Google Cartographer,2016,2D/3D SLAM,"submaps, scan matching, pose graph",Wolfgang Hess et al.,https://doi.org/10.1109/ICRA.2016.7487258,https://github.com/cartographer-project/cartographer,official_or_author_maintained,Apache-2.0,verify separately,,verified,2026-08-03,Official project is maintained as open-source software; ROS integration is a separate repository.
cylinder3d,Cylinder3D,2021,LiDAR semantic segmentation,cylindrical voxel partition and sparse convolution,Xinge Zhu et al.,https://doi.org/10.1109/CVPR46437.2021.00919,https://github.com/xinge008/Cylinder3D,official_or_author_maintained,Apache-2.0,verify separately,SemanticKITTI | nuScenes,verified,2026-08-03,
depthcontrast,DepthContrast,2021,Self-supervised 3D learning,contrastive learning from depth/point clouds,Pri3D/DepthContrast authors led by Zaiwei Zhang et al.,https://doi.org/10.1109/ICCV48922.2021.00348,https://github.com/facebookresearch/DepthContrast,official_or_author_maintained,CC BY-NC 4.0 / repository-specific; verify,verify separately,,partial,2026-08-03,Archived research repository; verify code and model terms separately.
fast-lio2,FAST-LIO2,2022,LiDAR-inertial odometry,"direct point-to-map, iterated Kalman filter",Wei Xu et al.,https://doi.org/10.1109/TRO.2022.3141876,https://github.com/hku-mars/FAST_LIO,official_or_author_maintained,GPL-2.0,verify separately,,verified,2026-08-03,Official research-group implementation. GPL obligations apply to derivative distribution.
gmapping,GMapping / OpenSLAM GMapping,2007,2D SLAM,Rao-Blackwellized particle filter,"Giorgio Grisetti, Cyrill Stachniss, and Wolfram Burgard",https://doi.org/10.1109/TRO.2007.896411,https://openslam-org.github.io/gmapping.html,canonical_project_page,See repository license,verify separately,,verified,2026-08-03,Foundational 2D laser SLAM; ROS wrappers are separate integrations.
hector-slam,Hector SLAM,2011,2D SLAM,scan matching without wheel odometry,Stefan Kohlbrecher et al.,https://doi.org/10.1109/SSRR.2011.6106777,https://github.com/tu-darmstadt-ros-pkg/hector_slam,official_or_author_maintained,BSD-style; verify repository,verify separately,,verified,2026-08-03,Designed for high-rate planar laser scan matching.
kpconv,KPConv,2019,3D semantic segmentation,kernel point convolution,Hugues Thomas et al.,https://doi.org/10.1109/ICCV.2019.00651,https://github.com/HuguesTHOMAS/KPConv-PyTorch,official_or_author_maintained,MIT,verify separately,Semantic3D | S3DIS | ModelNet40,verified,2026-08-03,
lasermix,LaserMix,2023,Semi-supervised LiDAR segmentation,scene mixing with spatial priors,Lingdong Kong et al.,https://doi.org/10.1109/CVPR52729.2023.02077,https://github.com/ldkong1205/LaserMix,official_or_author_maintained,Apache-2.0,verify separately,SemanticKITTI | nuScenes,verified,2026-08-03,
lego-loam,LeGO-LOAM,2018,LiDAR odometry and mapping,ground-optimized feature-based LiDAR,Tixiao Shan and Brendan Englot,https://doi.org/10.1109/IROS.2018.8594299,https://github.com/RobustFieldAutonomyLab/LeGO-LOAM,official_or_author_maintained,BSD-3-Clause,verify separately,,verified,2026-08-03,Author-lab implementation for lightweight ground vehicle LiDAR odometry.
lio-sam,LIO-SAM,2020,LiDAR-inertial odometry,"factor graph, LiDAR and IMU",Tixiao Shan et al.,https://doi.org/10.1109/IROS45743.2020.9341176,https://github.com/TixiaoShan/LIO-SAM,official_or_author_maintained,BSD-3-Clause,verify separately,,verified,2026-08-03,Author-maintained implementation; review sensor assumptions and dependencies.
loam,LOAM,2014,LiDAR odometry and mapping,feature-based 3D LiDAR,Ji Zhang and Sanjiv Singh,https://doi.org/10.15607/RSS.2014.X.007,https://github.com/laboshinl/loam_velodyne,community_reimplementation,Verify repository,verify separately,,verified,2026-08-03,"The linked repository is a community implementation, not the original authors’ official code."
maskpoint,MaskPoint,2022,Self-supervised 3D learning,masked point discrimination,Renrui Zhang et al.,https://doi.org/10.1007/978-3-031-20086-1_13,https://github.com/WisconsinAIVision/MaskPoint,official_or_author_maintained,Verify repository,verify separately,,partial,2026-08-03,
minkowski-engine,MinkowskiEngine,2019,Sparse 3D deep learning,generalized sparse convolution,Christopher Choy et al.,https://doi.org/10.1109/CVPR.2019.00325,https://github.com/NVIDIA/MinkowskiEngine,official_framework,MIT,verify separately,,verified,2026-08-03,Research framework rather than a single task method; downstream model licenses and weights differ.
point-bert,Point-BERT,2022,Self-supervised 3D learning,masked point-token modeling,Xumin Yu et al.,https://doi.org/10.1109/CVPR52688.2022.01942,https://github.com/lulutang0608/Point-BERT,official_or_author_maintained,MIT,verify separately,ModelNet40 | ScanObjectNN | ShapeNetPart,verified,2026-08-03,
point-mae,Point-MAE,2022,Self-supervised 3D learning,masked autoencoding for point clouds,Yatian Pang et al.,https://doi.org/10.1007/978-3-031-19821-2_28,https://github.com/Pang-Yatian/Point-MAE,official_or_author_maintained,MIT,verify separately,ModelNet40 | ScanObjectNN | ShapeNetPart,verified,2026-08-03,
point-transformer,Point Transformer,2021,3D representation learning,vector attention over point neighborhoods,Hengshuang Zhao et al.,https://doi.org/10.1109/ICCV48922.2021.01557,https://github.com/POSTECH-CVLab/point-transformer,official_or_author_maintained,MIT,verify separately,S3DIS | ModelNet40 | ShapeNetPart,verified,2026-08-03,
pointnet,PointNet,2017,3D representation learning,"raw points, shared MLP, symmetric aggregation",Charles R. Qi et al.,https://doi.org/10.1109/CVPR.2017.16,https://github.com/charlesq34/pointnet,official_or_author_maintained,MIT,verify separately,ModelNet40 | ShapeNet | S3DIS,verified,2026-08-03,
pointnet2,PointNet++,2017,3D representation learning,hierarchical point neighborhoods,Charles R. Qi et al.,https://doi.org/10.48550/arXiv.1706.02413,https://github.com/charlesq34/pointnet2,official_or_author_maintained,MIT,verify separately,ModelNet40 | ShapeNet | S3DIS,verified,2026-08-03,
pointnext,PointNeXt,2022,3D representation learning,modernized PointNet++ design,Guocheng Qian et al.,https://doi.org/10.48550/arXiv.2206.04670,https://github.com/guochengqian/PointNeXt,official_or_author_maintained,MIT,verify separately,ScanObjectNN | ModelNet40 | S3DIS,verified,2026-08-03,
pointpillars,PointPillars,2019,3D object detection,pillarized point cloud pseudo-image,Alex H. Lang et al.,https://doi.org/10.1109/CVPR.2019.01298,https://github.com/open-mmlab/OpenPCDet,framework_integration,Apache-2.0 for OpenPCDet,verify separately,KITTI,verified,2026-08-03,"The linked codebase is a widely used framework implementation, not the original authors’ repository."
polarnet,PolarNet,2020,LiDAR semantic segmentation,polar bird’s-eye-view grid,Yang Zhang et al.,https://doi.org/10.1109/CVPR42600.2020.00962,https://github.com/edwardzhou130/PolarSeg,official_or_author_maintained,MIT,verify separately,SemanticKITTI,verified,2026-08-03,
pv-rcnn,PV-RCNN,2020,3D object detection,point-voxel feature aggregation,Shaoshuai Shi et al.,https://doi.org/10.1109/CVPR42600.2020.01056,https://github.com/open-mmlab/OpenPCDet,official_or_framework_integration,Apache-2.0,verify separately,KITTI | Waymo,verified,2026-08-03,
randlanet,RandLA-Net,2020,3D semantic segmentation,random sampling and local feature aggregation,Qingyong Hu et al.,https://doi.org/10.1109/CVPR42600.2020.01117,https://github.com/QingyongHu/RandLA-Net,official_or_author_maintained,MIT,verify separately,Semantic3D | SemanticKITTI | S3DIS | Toronto-3D,verified,2026-08-03,
rangenetpp,RangeNet++,2019,LiDAR semantic segmentation,range image projection and post-processing,Andres Milioto et al.,https://doi.org/10.1109/IROS40897.2019.8967762,https://github.com/PRBonn/lidar-bonnetal,official_or_author_maintained,MIT,verify separately,SemanticKITTI,verified,2026-08-03,
salsanext,SalsaNext,2020,LiDAR semantic segmentation,uncertainty-aware range image CNN,"Tiago Cortinhal, George Tzelepis, and Eren Erdal Aksoy",https://doi.org/10.1007/978-3-030-58529-7_12,https://github.com/TiagoCortinhal/SalsaNext,official_or_author_maintained,MIT,verify separately,SemanticKITTI,verified,2026-08-03,
sphereformer,SphereFormer,2023,LiDAR semantic segmentation,spherical transformer windows,Xin Lai et al.,https://doi.org/10.1109/CVPR52729.2023.00342,https://github.com/dvlab-research/SphereFormer,official_or_author_maintained,Apache-2.0,verify separately,SemanticKITTI | nuScenes | Waymo,verified,2026-08-03,
spvnas,SPVNAS / SPVCNN,2020,Efficient 3D perception,sparse point-voxel convolution,Haotian Tang et al.,https://doi.org/10.1007/978-3-030-58586-0_39,https://github.com/mit-han-lab/spvnas,official_or_author_maintained,MIT,verify separately,SemanticKITTI | KITTI,verified,2026-08-03,
